{
  "providers": {
    "awscloudformation": {
      "AuthRoleName": "amplify-portalfacturas-facturas-204012-authRole",
      "UnauthRoleArn": "arn:aws:iam::303303306861:role/amplify-portalfacturas-facturas-204012-unauthRole",
      "AuthRoleArn": "arn:aws:iam::303303306861:role/amplify-portalfacturas-facturas-204012-authRole",
      "Region": "us-east-1",
      "DeploymentBucketName": "amplify-portalfacturas-facturas-204012-deployment",
      "UnauthRoleName": "amplify-portalfacturas-facturas-204012-unauthRole",
      "StackName": "amplify-portalfacturas-facturas-204012",
      "StackId": "arn:aws:cloudformation:us-east-1:303303306861:stack/amplify-portalfacturas-facturas-204012/d29f1e50-fcbb-11ec-a805-0eb31b0a72ad",
      "AmplifyAppId": "d7due1wspjku7"
    }
  },
  "auth": {
    "portalfacturasd9d61f76": {
      "service": "Cognito",
      "providerPlugin": "awscloudformation",
      "dependsOn": [],
      "customAuth": false,
      "frontendAuthConfig": {
        "socialProviders": [],
        "usernameAttributes": [
          "EMAIL"
        ],
        "signupAttributes": [
          "EMAIL"
        ],
        "passwordProtectionSettings": {
          "passwordPolicyMinLength": 8,
          "passwordPolicyCharacters": []
        },
        "mfaConfiguration": "OFF",
        "mfaTypes": [
          "SMS"
        ],
        "verificationMechanisms": [
          "EMAIL"
        ]
      },
      "providerMetadata": {
        "s3TemplateURL": "https://s3.amazonaws.com/amplify-portalfacturas-facturas-204012-deployment/amplify-cfn-templates/auth/portalfacturasd9d61f76-cloudformation-template.json",
        "logicalId": "authportalfacturasd9d61f76"
      },
      "lastPushTimeStamp": "2022-07-06T00:13:08.339Z",
      "output": {
        "UserPoolId": "us-east-1_HIuvAgQLq",
        "AppClientIDWeb": "7uqpej77id9ap1peq1627o4jqm",
        "AppClientID": "4ovgsi6201duj2jmm307mop3g3",
        "IdentityPoolId": "us-east-1:7b265619-1432-412f-b6ed-34c0ffd048fe",
        "UserPoolArn": "arn:aws:cognito-idp:us-east-1:303303306861:userpool/us-east-1_HIuvAgQLq",
        "IdentityPoolName": "portalfacturasd9d61f76_identitypool_d9d61f76__facturas",
        "UserPoolName": "portalfacturasd9d61f76_userpool_d9d61f76"
      },
      "lastPushDirHash": "BbsVEb0IKaJYb5oYzuZe6b3Sgso="
    }
  }
}